Title,Date
"Đảo ấu trùng: Mùa 1: Mango 2","16/05/2020"
"Đảo ấu trùng: Mùa 1: Mango","16/05/2020"
"Bóng ma Anh Quốc: Mùa 4: Con sáo đen","16/05/2020"
"Bóng ma Anh Quốc: Mùa 4: Lũ man rợ","16/05/2020"
"Chiến tranh Việt Nam: Mùa 1: Déjà vu (1858-1961)","16/05/2020"
"Đạo diễn trần trụi: Mùa 1: Đừng mơ rằng nó kết thúc","15/05/2020"
"Đạo diễn trần trụi: Mùa 1: Vọng tưởng lớn lao","15/05/2020"
"Đạo diễn trần trụi: Mùa 1: Ra hoa","15/05/2020"
"Bánh Mỹ","14/05/2020"
"What's Wrong with Secretary Kim: Mùa 1: Tập 1","14/05/2020"
"Tam sinh tam thế thập lý đào hoa: Mùa 1: Tập 58","13/05/2020"
"Tam sinh tam thế thập lý đào hoa: Mùa 1: Tập 57","13/05/2020"
"Tam sinh tam thế thập lý đào hoa: Mùa 1: Tập 56","13/05/2020"
"Tam sinh tam thế thập lý đào hoa: Mùa 1: Tập 55","13/05/2020"
"Tam sinh tam thế thập lý đào hoa: Mùa 1: Tập 54","13/05/2020"
"Tam sinh tam thế thập lý đào hoa: Mùa 1: Tập 53","13/05/2020"
"Tam sinh tam thế thập lý đào hoa: Mùa 1: Tập 52","13/05/2020"
"Tam sinh tam thế thập lý đào hoa: Mùa 1: Tập 51","13/05/2020"
"Tam sinh tam thế thập lý đào hoa: Mùa 1: Tập 50","13/05/2020"
"Tam sinh tam thế thập lý đào hoa: Mùa 1: Tập 49","13/05/2020"
"Tam sinh tam thế thập lý đào hoa: Mùa 1: Tập 48","13/05/2020"
"Tam sinh tam thế thập lý đào hoa: Mùa 1: Tập 47","13/05/2020"
"Tam sinh tam thế thập lý đào hoa: Mùa 1: Tập 46","13/05/2020"
"Tam sinh tam thế thập lý đào hoa: Mùa 1: Tập 45","13/05/2020"
"Tam sinh tam thế thập lý đào hoa: Mùa 1: Tập 44","13/05/2020"
"Tam sinh tam thế thập lý đào hoa: Mùa 1: Tập 43","13/05/2020"
"Tam sinh tam thế thập lý đào hoa: Mùa 1: Tập 42","13/05/2020"
"Tam sinh tam thế thập lý đào hoa: Mùa 1: Tập 41","13/05/2020"
"Tam sinh tam thế thập lý đào hoa: Mùa 1: Tập 40","12/05/2020"
"Tam sinh tam thế thập lý đào hoa: Mùa 1: Tập 39","12/05/2020"
"Tam sinh tam thế thập lý đào hoa: Mùa 1: Tập 38","12/05/2020"
"Bóng ma Anh Quốc: Mùa 4: Thòng lọng","12/05/2020"
"Tam sinh tam thế thập lý đào hoa: Mùa 1: Tập 37","12/05/2020"
"Tam sinh tam thế thập lý đào hoa: Mùa 1: Tập 36","12/05/2020"
"Tam sinh tam thế thập lý đào hoa: Mùa 1: Tập 35","12/05/2020"
"Tam sinh tam thế thập lý đào hoa: Mùa 1: Tập 34","12/05/2020"
"Tam sinh tam thế thập lý đào hoa: Mùa 1: Tập 33","12/05/2020"
"Tam sinh tam thế thập lý đào hoa: Mùa 1: Tập 32","12/05/2020"
"Tam sinh tam thế thập lý đào hoa: Mùa 1: Tập 31","11/05/2020"
"Tam sinh tam thế thập lý đào hoa: Mùa 1: Tập 30","11/05/2020"
"Tam sinh tam thế thập lý đào hoa: Mùa 1: Tập 29","11/05/2020"
"Tam sinh tam thế thập lý đào hoa: Mùa 1: Tập 28","11/05/2020"
"Tam sinh tam thế thập lý đào hoa: Mùa 1: Tập 27","11/05/2020"
"Tam sinh tam thế thập lý đào hoa: Mùa 1: Tập 26","11/05/2020"
"Tam sinh tam thế thập lý đào hoa: Mùa 1: Tập 25","11/05/2020"
"Bóng ma Anh Quốc: Mùa 3: Tập 6","11/05/2020"
"Tam sinh tam thế thập lý đào hoa: Mùa 1: Tập 24","11/05/2020"
"Tam sinh tam thế thập lý đào hoa: Mùa 1: Tập 23","11/05/2020"
"Tam sinh tam thế thập lý đào hoa: Mùa 1: Tập 22","11/05/2020"
"Tam sinh tam thế thập lý đào hoa: Mùa 1: Tập 21","11/05/2020"
"Tam sinh tam thế thập lý đào hoa: Mùa 1: Tập 20","11/05/2020"
"Tam sinh tam thế thập lý đào hoa: Mùa 1: Tập 19","11/05/2020"
"Tam sinh tam thế thập lý đào hoa: Mùa 1: Tập 18","11/05/2020"
"Tam sinh tam thế thập lý đào hoa: Mùa 1: Tập 17","11/05/2020"
"Tam sinh tam thế thập lý đào hoa: Mùa 1: Tập 16","11/05/2020"
"Tam sinh tam thế thập lý đào hoa: Mùa 1: Tập 15","11/05/2020"
"Tam sinh tam thế thập lý đào hoa: Mùa 1: Tập 14","11/05/2020"
"Tam sinh tam thế thập lý đào hoa: Mùa 1: Tập 13","10/05/2020"
"Tam sinh tam thế thập lý đào hoa: Mùa 1: Tập 12","10/05/2020"
"Tam sinh tam thế thập lý đào hoa: Mùa 1: Tập 11","10/05/2020"
"Tam sinh tam thế thập lý đào hoa: Mùa 1: Tập 10","10/05/2020"
"Tam sinh tam thế thập lý đào hoa: Mùa 1: Tập 9","10/05/2020"
"Tam sinh tam thế thập lý đào hoa: Mùa 1: Tập 8","10/05/2020"
"Tam sinh tam thế thập lý đào hoa: Mùa 1: Tập 7","10/05/2020"
"Tam sinh tam thế thập lý đào hoa: Mùa 1: Tập 6","10/05/2020"
"Tam sinh tam thế thập lý đào hoa: Mùa 1: Tập 5","10/05/2020"
"Tam sinh tam thế thập lý đào hoa: Mùa 1: Tập 4","10/05/2020"
"Tam sinh tam thế thập lý đào hoa: Mùa 1: Tập 3","10/05/2020"
"Tam sinh tam thế thập lý đào hoa: Mùa 1: Tập 2","10/05/2020"
"Tam sinh tam thế thập lý đào hoa: Mùa 1: Tập 1","10/05/2020"
"Diên Hi công lược: Lá ngọc cành vàng: Mùa 1: Tập 6","08/05/2020"
"Diên Hi công lược: Lá ngọc cành vàng: Mùa 1: Tập 5","08/05/2020"
"Diên Hi công lược: Lá ngọc cành vàng: Mùa 1: Tập 4","08/05/2020"
"Diên Hi công lược: Lá ngọc cành vàng: Mùa 1: Tập 3","07/05/2020"
"Diên Hi công lược: Lá ngọc cành vàng: Mùa 1: Tập 2","07/05/2020"
"Tuyệt đỉnh công phu","07/05/2020"
"DreamWorks: Huyền thoại bí kíp luyện rồng: Quyển 1: Huyền thoại rồng Giáp Xương","07/05/2020"
"DreamWorks: Huyền thoại bí kíp luyện rồng: Quyển 1: Xem cả hai: Chuyện ngắn về rồng của DreamWorks","07/05/2020"
"Diên Hi công lược: Lá ngọc cành vàng: Mùa 1: Tập 1","07/05/2020"
"Bác sĩ nhân ái: Mùa 1: Tập 1","07/05/2020"
"Quân vương bất diệt: Mùa 1: Tập 1","06/05/2020"
"Vượt ngục: Mùa 4: Bùng nổ","06/05/2020"
"Bóng ma Anh Quốc: Mùa 3: Tập 5","06/05/2020"
"Bóng ma Anh Quốc: Mùa 3: Tập 4","06/05/2020"
"Bóng ma Anh Quốc: Mùa 3: Tập 3","06/05/2020"
"Bóng ma Anh Quốc: Mùa 3: Tập 2","06/05/2020"
"Bóng ma Anh Quốc: Mùa 1: Tập 1","06/05/2020"
"Phi vụ triệu đô (Trailer)","02/05/2020"
"Titanic","02/05/2020"
"Giải mã virus corona: Loạt phim truyền hình ngắn: Đại dịch này","30/04/2020"
"Hai Phượng","28/04/2020"
